,Winner
45000,0
45001,0
45002,1
45003,0
45004,1
45005,1
45006,1
45007,0
45008,0
45009,0
45010,1
45011,1
45012,1
45013,0
45014,1
45015,0
45016,1
45017,1
45018,0
45019,0
45020,1
45021,0
45022,1
45023,0
45024,1
45025,0
45026,0
45027,0
45028,0
45029,0
45030,0
45031,0
45032,0
45033,0
45034,1
45035,0
45036,0
45037,0
45038,1
45039,1
45040,0
45041,0
45042,1
45043,1
45044,0
45045,0
45046,0
45047,1
45048,1
45049,1
45050,0
45051,1
45052,1
45053,0
45054,1
45055,1
45056,0
45057,1
45058,0
45059,1
45060,1
45061,0
45062,0
45063,0
45064,0
45065,0
45066,1
45067,0
45068,1
45069,0
45070,1
45071,1
45072,1
45073,1
45074,0
45075,1
45076,0
45077,1
45078,0
45079,1
45080,0
45081,1
45082,1
45083,0
45084,1
45085,0
45086,0
45087,1
45088,0
45089,1
45090,1
45091,1
45092,1
45093,0
45094,1
45095,0
45096,0
45097,0
45098,0
45099,1
45100,1
45101,1
45102,0
45103,0
45104,0
45105,0
45106,0
45107,1
45108,1
45109,1
45110,1
45111,1
45112,1
45113,1
45114,1
45115,0
45116,1
45117,1
45118,1
45119,1
45120,0
45121,0
45122,1
45123,0
45124,0
45125,1
45126,1
45127,0
45128,0
45129,1
45130,0
45131,1
45132,0
45133,1
45134,1
45135,0
45136,0
45137,0
45138,0
45139,1
45140,1
45141,0
45142,0
45143,0
45144,0
45145,1
45146,1
45147,0
45148,1
45149,1
45150,1
45151,1
45152,0
45153,0
45154,1
45155,1
45156,0
45157,0
45158,0
45159,0
45160,1
45161,0
45162,0
45163,1
45164,1
45165,0
45166,1
45167,1
45168,0
45169,1
45170,1
45171,0
45172,1
45173,1
45174,0
45175,0
45176,1
45177,1
45178,1
45179,0
45180,1
45181,1
45182,1
45183,0
45184,1
45185,1
45186,0
45187,1
45188,0
45189,0
45190,0
45191,1
45192,1
45193,1
45194,0
45195,0
45196,1
45197,0
45198,0
45199,0
45200,1
45201,1
45202,0
45203,0
45204,0
45205,1
45206,1
45207,1
45208,1
45209,0
45210,1
45211,0
45212,1
45213,0
45214,0
45215,1
45216,1
45217,0
45218,1
45219,1
45220,1
45221,0
45222,1
45223,1
45224,1
45225,1
45226,0
45227,1
45228,1
45229,1
45230,1
45231,1
45232,1
45233,1
45234,1
45235,1
45236,0
45237,1
45238,1
45239,1
45240,0
45241,1
45242,1
45243,0
45244,1
45245,1
45246,0
45247,0
45248,1
45249,1
45250,0
45251,1
45252,0
45253,0
45254,0
45255,0
45256,1
45257,1
45258,1
45259,1
45260,1
45261,1
45262,0
45263,0
45264,1
45265,1
45266,1
45267,0
45268,0
45269,1
45270,1
45271,0
45272,1
45273,1
45274,0
45275,0
45276,0
45277,0
45278,0
45279,1
45280,0
45281,1
45282,1
45283,0
45284,1
45285,0
45286,1
45287,0
45288,0
45289,1
45290,1
45291,1
45292,0
45293,1
45294,1
45295,1
45296,1
45297,1
45298,1
45299,0
45300,1
45301,1
45302,0
45303,0
45304,0
45305,0
45306,0
45307,1
45308,1
45309,0
45310,0
45311,1
45312,0
45313,1
45314,0
45315,0
45316,0
45317,0
45318,1
45319,1
45320,1
45321,0
45322,1
45323,0
45324,0
45325,1
45326,0
45327,1
45328,1
45329,0
45330,0
45331,1
45332,1
45333,1
45334,1
45335,1
45336,1
45337,1
45338,1
45339,1
45340,1
45341,0
45342,0
45343,1
45344,0
45345,1
45346,1
45347,1
45348,0
45349,1
45350,0
45351,0
45352,0
45353,1
45354,0
45355,0
45356,0
45357,0
45358,0
45359,1
45360,0
45361,1
45362,1
45363,1
45364,1
45365,0
45366,1
45367,1
45368,0
45369,0
45370,0
45371,1
45372,1
45373,1
45374,0
45375,0
45376,1
45377,0
45378,0
45379,1
45380,0
45381,0
45382,1
45383,1
45384,1
45385,1
45386,1
45387,0
45388,0
45389,0
45390,0
45391,0
45392,0
45393,0
45394,1
45395,0
45396,0
45397,0
45398,1
45399,1
45400,0
45401,0
45402,1
45403,1
45404,1
45405,0
45406,0
45407,0
45408,1
45409,1
45410,1
45411,1
45412,1
45413,0
45414,1
45415,1
45416,1
45417,0
45418,0
45419,0
45420,0
45421,1
45422,1
45423,1
45424,0
45425,0
45426,0
45427,1
45428,1
45429,0
45430,1
45431,1
45432,1
45433,1
45434,1
45435,1
45436,1
45437,1
45438,0
45439,0
45440,1
45441,0
45442,1
45443,0
45444,0
45445,1
45446,0
45447,1
45448,1
45449,0
45450,1
45451,1
45452,1
45453,0
45454,0
45455,0
45456,0
45457,1
45458,1
45459,1
45460,0
45461,1
45462,0
45463,1
45464,0
45465,1
45466,0
45467,1
45468,1
45469,0
45470,0
45471,1
45472,0
45473,1
45474,0
45475,1
45476,1
45477,1
45478,0
45479,0
45480,1
45481,1
45482,1
45483,1
45484,0
45485,1
45486,1
45487,0
45488,1
45489,0
45490,0
45491,1
45492,1
45493,0
45494,1
45495,1
45496,1
45497,1
45498,1
45499,1
45500,0
45501,0
45502,1
45503,1
45504,0
45505,1
45506,1
45507,1
45508,1
45509,1
45510,0
45511,1
45512,0
45513,0
45514,1
45515,0
45516,1
45517,0
45518,0
45519,0
45520,1
45521,0
45522,1
45523,1
45524,0
45525,0
45526,1
45527,1
45528,0
45529,1
45530,0
45531,0
45532,1
45533,1
45534,1
45535,0
45536,0
45537,0
45538,1
45539,1
45540,0
45541,0
45542,0
45543,0
45544,1
45545,1
45546,1
45547,1
45548,0
45549,1
45550,1
45551,0
45552,0
45553,0
45554,0
45555,0
45556,0
45557,0
45558,1
45559,1
45560,1
45561,1
45562,0
45563,0
45564,1
45565,0
45566,0
45567,1
45568,0
45569,0
45570,1
45571,0
45572,0
45573,1
45574,0
45575,0
45576,1
45577,0
45578,1
45579,1
45580,0
45581,1
45582,0
45583,1
45584,1
45585,1
45586,0
45587,1
45588,0
45589,1
45590,0
45591,1
45592,1
45593,1
45594,1
45595,1
45596,1
45597,0
45598,1
45599,1
45600,1
45601,0
45602,1
45603,0
45604,1
45605,0
45606,1
45607,1
45608,0
45609,0
45610,0
45611,0
45612,0
45613,1
45614,1
45615,0
45616,0
45617,0
45618,0
45619,0
45620,1
45621,1
45622,1
45623,0
45624,0
45625,1
45626,1
45627,1
45628,1
45629,0
45630,1
45631,1
45632,1
45633,1
45634,1
45635,0
45636,0
45637,1
45638,0
45639,0
45640,0
45641,0
45642,0
45643,0
45644,0
45645,1
45646,0
45647,0
45648,0
45649,1
45650,1
45651,0
45652,1
45653,1
45654,0
45655,0
45656,0
45657,0
45658,1
45659,0
45660,1
45661,0
45662,0
45663,0
45664,0
45665,1
45666,0
45667,0
45668,1
45669,1
45670,1
45671,1
45672,0
45673,0
45674,0
45675,0
45676,0
45677,0
45678,1
45679,0
45680,1
45681,1
45682,1
45683,0
45684,1
45685,0
45686,0
45687,1
45688,1
45689,1
45690,1
45691,0
45692,1
45693,1
45694,1
45695,1
45696,0
45697,1
45698,1
45699,1
45700,0
45701,1
45702,1
45703,1
45704,0
45705,1
45706,1
45707,1
45708,0
45709,0
45710,0
45711,0
45712,0
45713,1
45714,0
45715,1
45716,1
45717,1
45718,0
45719,1
45720,1
45721,0
45722,0
45723,1
45724,0
45725,0
45726,1
45727,0
45728,1
45729,1
45730,1
45731,1
45732,1
45733,1
45734,0
45735,1
45736,1
45737,0
45738,1
45739,0
45740,1
45741,0
45742,1
45743,1
45744,1
45745,0
45746,0
45747,0
45748,1
45749,0
45750,1
45751,1
45752,1
45753,1
45754,1
45755,0
45756,1
45757,1
45758,0
45759,0
45760,0
45761,0
45762,1
45763,0
45764,0
45765,0
45766,1
45767,1
45768,1
45769,1
45770,0
45771,1
45772,0
45773,0
45774,0
45775,0
45776,1
45777,1
45778,1
45779,0
45780,1
45781,1
45782,0
45783,1
45784,0
45785,1
45786,0
45787,1
45788,0
45789,0
45790,0
45791,1
45792,0
45793,0
45794,0
45795,1
45796,1
45797,0
45798,0
45799,0
45800,0
45801,1
45802,1
45803,0
45804,1
45805,1
45806,0
45807,0
45808,1
45809,1
45810,1
45811,0
45812,1
45813,0
45814,1
45815,1
45816,0
45817,0
45818,0
45819,0
45820,0
45821,1
45822,1
45823,1
45824,0
45825,1
45826,1
45827,0
45828,0
45829,1
45830,1
45831,1
45832,1
45833,1
45834,1
45835,0
45836,1
45837,0
45838,0
45839,0
45840,1
45841,1
45842,0
45843,1
45844,1
45845,0
45846,1
45847,0
45848,1
45849,0
45850,1
45851,0
45852,1
45853,1
45854,1
45855,0
45856,0
45857,0
45858,0
45859,1
45860,1
45861,0
45862,1
45863,0
45864,0
45865,1
45866,0
45867,0
45868,0
45869,1
45870,1
45871,1
45872,0
45873,1
45874,0
45875,1
45876,1
45877,0
45878,0
45879,0
45880,0
45881,1
45882,0
45883,1
45884,1
45885,1
45886,1
45887,0
45888,1
45889,1
45890,1
45891,0
45892,1
45893,1
45894,0
45895,0
45896,0
45897,1
45898,1
45899,1
45900,1
45901,0
45902,1
45903,1
45904,1
45905,0
45906,0
45907,1
45908,1
45909,0
45910,0
45911,0
45912,0
45913,0
45914,0
45915,1
45916,0
45917,1
45918,0
45919,0
45920,0
45921,1
45922,1
45923,1
45924,0
45925,1
45926,1
45927,1
45928,1
45929,1
45930,0
45931,1
45932,1
45933,0
45934,1
45935,1
45936,0
45937,0
45938,0
45939,1
45940,1
45941,0
45942,0
45943,1
45944,1
45945,0
45946,1
45947,1
45948,1
45949,1
45950,1
45951,1
45952,1
45953,0
45954,0
45955,0
45956,0
45957,0
45958,1
45959,0
45960,1
45961,1
45962,1
45963,0
45964,1
45965,0
45966,1
45967,1
45968,0
45969,0
45970,0
45971,1
45972,1
45973,1
45974,0
45975,1
45976,1
45977,1
45978,0
45979,1
45980,1
45981,1
45982,0
45983,0
45984,1
45985,1
45986,0
45987,1
45988,0
45989,1
45990,1
45991,0
45992,1
45993,1
45994,0
45995,0
45996,0
45997,0
45998,1
45999,0
46000,1
46001,1
46002,1
46003,1
46004,1
46005,1
46006,0
46007,1
46008,1
46009,1
46010,0
46011,1
46012,0
46013,0
46014,1
46015,0
46016,0
46017,1
46018,1
46019,0
46020,1
46021,1
46022,0
46023,1
46024,0
46025,0
46026,1
46027,1
46028,0
46029,1
46030,0
46031,0
46032,0
46033,0
46034,0
46035,0
46036,1
46037,1
46038,1
46039,1
46040,1
46041,0
46042,0
46043,0
46044,0
46045,1
46046,0
46047,1
46048,0
46049,0
46050,1
46051,0
46052,1
46053,1
46054,1
46055,0
46056,0
46057,1
46058,0
46059,1
46060,0
46061,1
46062,1
46063,1
46064,1
46065,1
46066,0
46067,1
46068,1
46069,1
46070,1
46071,1
46072,1
46073,0
46074,1
46075,0
46076,1
46077,0
46078,1
46079,1
46080,1
46081,0
46082,0
46083,0
46084,1
46085,1
46086,1
46087,1
46088,0
46089,0
46090,1
46091,0
46092,0
46093,1
46094,0
46095,1
46096,1
46097,1
46098,0
46099,0
46100,0
46101,0
46102,1
46103,1
46104,0
46105,1
46106,1
46107,1
46108,1
46109,1
46110,1
46111,1
46112,1
46113,0
46114,0
46115,1
46116,0
46117,1
46118,0
46119,1
46120,0
46121,0
46122,1
46123,1
46124,0
46125,0
46126,1
46127,1
46128,1
46129,1
46130,0
46131,1
46132,1
46133,0
46134,1
46135,0
46136,1
46137,0
46138,0
46139,0
46140,1
46141,1
46142,0
46143,0
46144,0
46145,0
46146,1
46147,1
46148,1
46149,1
46150,1
46151,0
46152,1
46153,1
46154,1
46155,0
46156,1
46157,0
46158,0
46159,1
46160,1
46161,1
46162,1
46163,0
46164,1
46165,0
46166,0
46167,1
46168,1
46169,1
46170,0
46171,1
46172,0
46173,1
46174,1
46175,1
46176,0
46177,1
46178,1
46179,1
46180,0
46181,0
46182,0
46183,1
46184,1
46185,1
46186,0
46187,0
46188,0
46189,0
46190,1
46191,1
46192,1
46193,0
46194,1
46195,0
46196,1
46197,0
46198,0
46199,1
46200,0
46201,1
46202,0
46203,0
46204,0
46205,1
46206,1
46207,0
46208,0
46209,1
46210,0
46211,0
46212,1
46213,0
46214,0
46215,0
46216,1
46217,1
46218,1
46219,0
46220,1
46221,1
46222,1
46223,0
46224,0
46225,0
46226,1
46227,0
46228,1
46229,1
46230,1
46231,1
46232,1
46233,0
46234,1
46235,0
46236,1
46237,0
46238,0
46239,0
46240,1
46241,1
46242,0
46243,0
46244,0
46245,1
46246,0
46247,0
46248,1
46249,0
46250,1
46251,1
46252,0
46253,0
46254,1
46255,1
46256,0
46257,1
46258,1
46259,0
46260,1
46261,1
46262,0
46263,1
46264,1
46265,1
46266,1
46267,0
46268,0
46269,1
46270,0
46271,0
46272,1
46273,0
46274,0
46275,0
46276,0
46277,0
46278,0
46279,0
46280,1
46281,0
46282,1
46283,0
46284,1
46285,1
46286,1
46287,1
46288,0
46289,1
46290,0
46291,1
46292,0
46293,1
46294,0
46295,0
46296,1
46297,1
46298,0
46299,0
46300,0
46301,0
46302,1
46303,0
46304,1
46305,1
46306,1
46307,0
46308,1
46309,0
46310,1
46311,0
46312,0
46313,1
46314,0
46315,0
46316,1
46317,1
46318,1
46319,1
46320,0
46321,1
46322,0
46323,1
46324,1
46325,1
46326,1
46327,0
46328,1
46329,0
46330,0
46331,0
46332,1
46333,0
46334,0
46335,1
46336,0
46337,1
46338,0
46339,1
46340,1
46341,1
46342,0
46343,0
46344,1
46345,1
46346,0
46347,0
46348,1
46349,0
46350,0
46351,1
46352,0
46353,1
46354,1
46355,1
46356,1
46357,1
46358,0
46359,0
46360,1
46361,1
46362,1
46363,0
46364,1
46365,1
46366,0
46367,1
46368,1
46369,1
46370,1
46371,0
46372,1
46373,1
46374,0
46375,1
46376,1
46377,0
46378,0
46379,0
46380,0
46381,0
46382,0
46383,1
46384,1
46385,0
46386,0
46387,0
46388,0
46389,0
46390,0
46391,1
46392,0
46393,0
46394,0
46395,1
46396,1
46397,1
46398,1
46399,1
46400,0
46401,0
46402,0
46403,1
46404,1
46405,1
46406,1
46407,0
46408,0
46409,0
46410,1
46411,0
46412,0
46413,0
46414,1
46415,1
46416,0
46417,1
46418,1
46419,1
46420,1
46421,0
46422,1
46423,0
46424,0
46425,0
46426,1
46427,1
46428,1
46429,0
46430,0
46431,1
46432,0
46433,0
46434,1
46435,0
46436,0
46437,0
46438,1
46439,1
46440,1
46441,1
46442,1
46443,1
46444,1
46445,1
46446,1
46447,1
46448,1
46449,1
46450,0
46451,1
46452,0
46453,0
46454,1
46455,0
46456,0
46457,0
46458,0
46459,0
46460,1
46461,0
46462,0
46463,0
46464,1
46465,0
46466,1
46467,1
46468,1
46469,1
46470,1
46471,1
46472,0
46473,0
46474,0
46475,1
46476,0
46477,1
46478,0
46479,0
46480,1
46481,1
46482,1
46483,0
46484,1
46485,0
46486,1
46487,0
46488,0
46489,0
46490,0
46491,0
46492,0
46493,0
46494,1
46495,1
46496,0
46497,0
46498,0
46499,1
46500,1
46501,1
46502,0
46503,1
46504,1
46505,1
46506,0
46507,1
46508,1
46509,0
46510,0
46511,1
46512,1
46513,1
46514,0
46515,1
46516,1
46517,0
46518,1
46519,0
46520,1
46521,1
46522,1
46523,0
46524,1
46525,1
46526,0
46527,1
46528,1
46529,0
46530,1
46531,1
46532,0
46533,1
46534,0
46535,1
46536,0
46537,0
46538,1
46539,0
46540,0
46541,0
46542,1
46543,0
46544,0
46545,1
46546,0
46547,1
46548,1
46549,1
46550,0
46551,0
46552,1
46553,1
46554,1
46555,1
46556,1
46557,1
46558,0
46559,1
46560,0
46561,1
46562,0
46563,0
46564,0
46565,1
46566,0
46567,1
46568,1
46569,1
46570,0
46571,1
46572,1
46573,1
46574,1
46575,0
46576,1
46577,0
46578,0
46579,1
46580,1
46581,1
46582,1
46583,1
46584,0
46585,1
46586,1
46587,0
46588,0
46589,1
46590,1
46591,1
46592,0
46593,1
46594,0
46595,1
46596,0
46597,1
46598,1
46599,1
46600,0
46601,1
46602,0
46603,0
46604,1
46605,1
46606,1
46607,1
46608,1
46609,1
46610,1
46611,0
46612,1
46613,0
46614,1
46615,1
46616,1
46617,1
46618,1
46619,1
46620,0
46621,0
46622,0
46623,1
46624,1
46625,1
46626,1
46627,0
46628,1
46629,1
46630,0
46631,0
46632,0
46633,0
46634,0
46635,1
46636,0
46637,1
46638,0
46639,0
46640,1
46641,1
46642,1
46643,0
46644,0
46645,1
46646,1
46647,0
46648,1
46649,0
46650,1
46651,0
46652,0
46653,1
46654,1
46655,0
46656,1
46657,1
46658,1
46659,0
46660,1
46661,1
46662,1
46663,1
46664,1
46665,0
46666,0
46667,1
46668,0
46669,0
46670,0
46671,0
46672,1
46673,1
46674,1
46675,0
46676,0
46677,1
46678,1
46679,0
46680,1
46681,1
46682,0
46683,1
46684,1
46685,1
46686,1
46687,1
46688,1
46689,0
46690,0
46691,1
46692,1
46693,0
46694,0
46695,0
46696,0
46697,1
46698,1
46699,0
46700,0
46701,0
46702,1
46703,1
46704,1
46705,0
46706,0
46707,0
46708,0
46709,1
46710,0
46711,0
46712,1
46713,1
46714,1
46715,1
46716,1
46717,1
46718,1
46719,1
46720,0
46721,1
46722,1
46723,0
46724,1
46725,1
46726,1
46727,1
46728,1
46729,1
46730,0
46731,1
46732,0
46733,1
46734,0
46735,1
46736,1
46737,0
46738,1
46739,0
46740,0
46741,0
46742,1
46743,0
46744,0
46745,0
46746,1
46747,1
46748,0
46749,1
46750,1
46751,0
46752,0
46753,0
46754,1
46755,1
46756,0
46757,1
46758,0
46759,0
46760,0
46761,0
46762,0
46763,0
46764,0
46765,1
46766,1
46767,1
46768,1
46769,1
46770,1
46771,0
46772,0
46773,1
46774,0
46775,0
46776,1
46777,1
46778,0
46779,0
46780,0
46781,1
46782,1
46783,0
46784,1
46785,0
46786,1
46787,0
46788,1
46789,1
46790,0
46791,1
46792,1
46793,0
46794,1
46795,1
46796,1
46797,0
46798,1
46799,1
46800,0
46801,1
46802,0
46803,1
46804,0
46805,1
46806,1
46807,0
46808,1
46809,0
46810,1
46811,1
46812,1
46813,1
46814,0
46815,1
46816,1
46817,1
46818,1
46819,1
46820,1
46821,0
46822,1
46823,0
46824,1
46825,0
46826,0
46827,1
46828,0
46829,0
46830,1
46831,1
46832,1
46833,1
46834,1
46835,0
46836,1
46837,0
46838,1
46839,0
46840,1
46841,1
46842,0
46843,1
46844,1
46845,0
46846,1
46847,0
46848,1
46849,1
46850,1
46851,0
46852,1
46853,0
46854,0
46855,0
46856,0
46857,1
46858,1
46859,0
46860,0
46861,0
46862,1
46863,1
46864,0
46865,0
46866,0
46867,1
46868,0
46869,1
46870,1
46871,0
46872,1
46873,0
46874,0
46875,0
46876,0
46877,0
46878,0
46879,1
46880,1
46881,0
46882,1
46883,1
46884,1
46885,0
46886,1
46887,1
46888,0
46889,1
46890,1
46891,0
46892,1
46893,1
46894,0
46895,0
46896,1
46897,0
46898,0
46899,1
46900,0
46901,0
46902,1
46903,1
46904,0
46905,1
46906,0
46907,1
46908,1
46909,1
46910,0
46911,0
46912,1
46913,0
46914,1
46915,1
46916,0
46917,0
46918,0
46919,0
46920,0
46921,0
46922,0
46923,1
46924,0
46925,0
46926,1
46927,1
46928,0
46929,0
46930,0
46931,1
46932,0
46933,1
46934,0
46935,0
46936,0
46937,1
46938,1
46939,1
46940,1
46941,1
46942,0
46943,1
46944,0
46945,1
46946,0
46947,1
46948,0
46949,1
46950,1
46951,1
46952,1
46953,1
46954,1
46955,1
46956,0
46957,1
46958,1
46959,1
46960,1
46961,1
46962,1
46963,1
46964,0
46965,0
46966,0
46967,0
46968,0
46969,1
46970,1
46971,0
46972,0
46973,1
46974,1
46975,0
46976,1
46977,0
46978,0
46979,0
46980,0
46981,0
46982,1
46983,1
46984,1
46985,0
46986,1
46987,1
46988,1
46989,0
46990,1
46991,0
46992,0
46993,1
46994,1
46995,1
46996,0
46997,1
46998,1
46999,0
47000,1
47001,0
47002,0
47003,1
47004,1
47005,1
47006,1
47007,1
47008,1
47009,1
47010,1
47011,0
47012,1
47013,1
47014,1
47015,0
47016,1
47017,0
47018,1
47019,1
47020,0
47021,1
47022,1
47023,0
47024,1
47025,1
47026,1
47027,0
47028,0
47029,0
47030,1
47031,0
47032,1
47033,0
47034,0
47035,1
47036,1
47037,0
47038,0
47039,0
47040,0
47041,0
47042,0
47043,1
47044,0
47045,1
47046,0
47047,0
47048,0
47049,0
47050,1
47051,0
47052,0
47053,0
47054,0
47055,0
47056,0
47057,1
47058,0
47059,0
47060,1
47061,0
47062,0
47063,0
47064,1
47065,0
47066,0
47067,1
47068,0
47069,0
47070,0
47071,0
47072,1
47073,0
47074,0
47075,1
47076,1
47077,0
47078,1
47079,1
47080,0
47081,1
47082,1
47083,1
47084,1
47085,0
47086,1
47087,0
47088,1
47089,0
47090,0
47091,1
47092,1
47093,0
47094,1
47095,1
47096,1
47097,1
47098,1
47099,0
47100,0
47101,1
47102,1
47103,1
47104,1
47105,1
47106,1
47107,0
47108,0
47109,0
47110,1
47111,1
47112,0
47113,1
47114,0
47115,0
47116,0
47117,1
47118,0
47119,1
47120,1
47121,0
47122,1
47123,0
47124,0
47125,0
47126,1
47127,0
47128,0
47129,0
47130,0
47131,0
47132,0
47133,1
47134,1
47135,1
47136,1
47137,1
47138,1
47139,0
47140,1
47141,1
47142,1
47143,1
47144,1
47145,1
47146,1
47147,0
47148,0
47149,1
47150,1
47151,1
47152,0
47153,0
47154,1
47155,1
47156,1
47157,1
47158,0
47159,0
47160,0
47161,0
47162,0
47163,1
47164,0
47165,0
47166,1
47167,1
47168,1
47169,1
47170,0
47171,0
47172,0
47173,0
47174,0
47175,0
47176,1
47177,1
47178,0
47179,1
47180,1
47181,0
47182,1
47183,0
47184,1
47185,1
47186,1
47187,1
47188,0
47189,1
47190,1
47191,1
47192,1
47193,1
47194,1
47195,1
47196,0
47197,1
47198,1
47199,1
47200,1
47201,0
47202,1
47203,1
47204,1
47205,0
47206,0
47207,0
47208,0
47209,0
47210,0
47211,1
47212,1
47213,0
47214,1
47215,1
47216,1
47217,1
47218,0
47219,0
47220,1
47221,1
47222,1
47223,0
47224,1
47225,0
47226,0
47227,0
47228,0
47229,0
47230,1
47231,1
47232,1
47233,0
47234,1
47235,0
47236,0
47237,1
47238,0
47239,1
47240,0
47241,1
47242,1
47243,1
47244,1
47245,1
47246,0
47247,1
47248,1
47249,1
47250,0
47251,1
47252,0
47253,0
47254,0
47255,1
47256,1
47257,1
47258,1
47259,0
47260,0
47261,0
47262,0
47263,0
47264,0
47265,0
47266,1
47267,0
47268,0
47269,1
47270,0
47271,1
47272,1
47273,1
47274,1
47275,0
47276,1
47277,1
47278,1
47279,0
47280,1
47281,0
47282,1
47283,0
47284,0
47285,0
47286,1
47287,0
47288,0
47289,1
47290,0
47291,0
47292,0
47293,1
47294,1
47295,0
47296,1
47297,1
47298,1
47299,1
47300,1
47301,0
47302,0
47303,0
47304,1
47305,0
47306,0
47307,1
47308,1
47309,0
47310,1
47311,1
47312,0
47313,0
47314,1
47315,0
47316,0
47317,1
47318,1
47319,0
47320,0
47321,0
47322,0
47323,0
47324,1
47325,1
47326,0
47327,0
47328,0
47329,1
47330,1
47331,0
47332,0
47333,0
47334,1
47335,1
47336,1
47337,1
47338,1
47339,0
47340,1
47341,0
47342,0
47343,1
47344,0
47345,0
47346,1
47347,1
47348,0
47349,0
47350,0
47351,1
47352,0
47353,1
47354,1
47355,1
47356,1
47357,0
47358,1
47359,1
47360,0
47361,1
47362,0
47363,0
47364,0
47365,0
47366,0
47367,0
47368,0
47369,1
47370,1
47371,1
47372,0
47373,0
47374,0
47375,0
47376,0
47377,1
47378,0
47379,0
47380,0
47381,1
47382,1
47383,1
47384,1
47385,1
47386,0
47387,1
47388,1
47389,0
47390,0
47391,0
47392,1
47393,1
47394,1
47395,0
47396,1
47397,0
47398,1
47399,0
47400,0
47401,1
47402,1
47403,1
47404,0
47405,0
47406,1
47407,1
47408,1
47409,0
47410,1
47411,0
47412,0
47413,0
47414,1
47415,1
47416,1
47417,1
47418,1
47419,0
47420,1
47421,1
47422,0
47423,0
47424,1
47425,1
47426,0
47427,1
47428,0
47429,0
47430,1
47431,0
47432,1
47433,0
47434,0
47435,1
47436,0
47437,0
47438,1
47439,1
47440,1
47441,0
47442,1
47443,0
47444,1
47445,0
47446,0
47447,1
47448,1
47449,0
47450,0
47451,1
47452,1
47453,0
47454,1
47455,1
47456,1
47457,0
47458,1
47459,0
47460,0
47461,0
47462,1
47463,1
47464,0
47465,1
47466,1
47467,1
47468,0
47469,0
47470,0
47471,0
47472,1
47473,1
47474,1
47475,1
47476,0
47477,1
47478,1
47479,1
47480,0
47481,1
47482,0
47483,0
47484,1
47485,0
47486,1
47487,0
47488,0
47489,0
47490,0
47491,0
47492,0
47493,1
47494,1
47495,1
47496,0
47497,0
47498,1
47499,1
47500,1
47501,0
47502,1
47503,1
47504,1
47505,1
47506,1
47507,1
47508,1
47509,0
47510,0
47511,0
47512,1
47513,0
47514,1
47515,0
47516,0
47517,1
47518,1
47519,0
47520,1
47521,1
47522,0
47523,0
47524,1
47525,0
47526,0
47527,0
47528,0
47529,0
47530,0
47531,1
47532,1
47533,1
47534,1
47535,1
47536,1
47537,1
47538,1
47539,1
47540,1
47541,1
47542,1
47543,1
47544,0
47545,0
47546,0
47547,1
47548,1
47549,1
47550,0
47551,0
47552,0
47553,1
47554,1
47555,1
47556,1
47557,0
47558,1
47559,0
47560,1
47561,1
47562,1
47563,1
47564,1
47565,1
47566,1
47567,0
47568,1
47569,1
47570,1
47571,0
47572,1
47573,0
47574,1
47575,1
47576,0
47577,1
47578,0
47579,1
47580,1
47581,0
47582,0
47583,1
47584,0
47585,0
47586,1
47587,0
47588,1
47589,1
47590,0
47591,0
47592,0
47593,0
47594,1
47595,0
47596,0
47597,1
47598,0
47599,1
47600,0
47601,1
47602,0
47603,1
47604,1
47605,0
47606,0
47607,0
47608,1
47609,0
47610,0
47611,1
47612,1
47613,1
47614,0
47615,0
47616,1
47617,1
47618,0
47619,0
47620,1
47621,1
47622,1
47623,1
47624,1
47625,0
47626,1
47627,1
47628,1
47629,1
47630,0
47631,1
47632,1
47633,1
47634,0
47635,1
47636,0
47637,0
47638,0
47639,1
47640,1
47641,1
47642,0
47643,1
47644,0
47645,0
47646,1
47647,0
47648,1
47649,0
47650,1
47651,1
47652,0
47653,1
47654,1
47655,1
47656,1
47657,0
47658,0
47659,1
47660,1
47661,0
47662,0
47663,0
47664,1
47665,0
47666,0
47667,0
47668,0
47669,1
47670,1
47671,1
47672,0
47673,1
47674,0
47675,0
47676,1
47677,1
47678,1
47679,1
47680,1
47681,0
47682,0
47683,1
47684,1
47685,1
47686,1
47687,0
47688,0
47689,1
47690,1
47691,1
47692,0
47693,0
47694,0
47695,1
47696,1
47697,1
47698,0
47699,1
47700,1
47701,0
47702,1
47703,1
47704,1
47705,1
47706,0
47707,1
47708,1
47709,1
47710,0
47711,0
47712,1
47713,1
47714,0
47715,0
47716,1
47717,0
47718,0
47719,1
47720,1
47721,0
47722,1
47723,1
47724,0
47725,1
47726,0
47727,0
47728,0
47729,0
47730,0
47731,0
47732,1
47733,0
47734,0
47735,1
47736,0
47737,1
47738,1
47739,0
47740,0
47741,0
47742,0
47743,0
47744,1
47745,0
47746,0
47747,0
47748,1
47749,1
47750,1
47751,1
47752,1
47753,0
47754,0
47755,0
47756,0
47757,0
47758,1
47759,1
47760,1
47761,1
47762,0
47763,1
47764,1
47765,0
47766,1
47767,0
47768,0
47769,1
47770,0
47771,1
47772,0
47773,1
47774,0
47775,1
47776,0
47777,1
47778,0
47779,0
47780,1
47781,0
47782,1
47783,1
47784,0
47785,0
47786,0
47787,1
47788,0
47789,1
47790,1
47791,1
47792,0
47793,1
47794,0
47795,0
47796,0
47797,0
47798,0
47799,1
47800,0
47801,0
47802,1
47803,1
47804,1
47805,0
47806,0
47807,1
47808,1
47809,0
47810,0
47811,0
47812,1
47813,1
47814,1
47815,0
47816,1
47817,1
47818,0
47819,0
47820,0
47821,1
47822,1
47823,0
47824,1
47825,1
47826,1
47827,0
47828,0
47829,1
47830,0
47831,0
47832,0
47833,0
47834,0
47835,1
47836,1
47837,0
47838,1
47839,0
47840,0
47841,0
47842,1
47843,0
47844,1
47845,1
47846,1
47847,1
47848,1
47849,1
47850,1
47851,0
47852,0
47853,0
47854,1
47855,0
47856,1
47857,1
47858,1
47859,1
47860,0
47861,0
47862,1
47863,1
47864,1
47865,1
47866,1
47867,0
47868,0
47869,1
47870,1
47871,0
47872,1
47873,1
47874,0
47875,1
47876,1
47877,0
47878,1
47879,1
47880,0
47881,0
47882,0
47883,0
47884,0
47885,0
47886,0
47887,0
47888,0
47889,0
47890,1
47891,1
47892,1
47893,0
47894,0
47895,1
47896,0
47897,1
47898,1
47899,0
47900,0
47901,1
47902,0
47903,1
47904,1
47905,1
47906,1
47907,0
47908,1
47909,0
47910,1
47911,1
47912,1
47913,1
47914,1
47915,0
47916,1
47917,0
47918,1
47919,0
47920,0
47921,0
47922,1
47923,0
47924,1
47925,0
47926,0
47927,0
47928,0
47929,1
47930,0
47931,1
47932,1
47933,0
47934,1
47935,0
47936,1
47937,0
47938,0
47939,0
47940,0
47941,0
47942,0
47943,0
47944,1
47945,0
47946,1
47947,1
47948,1
47949,0
47950,0
47951,0
47952,0
47953,0
47954,1
47955,1
47956,0
47957,0
47958,1
47959,0
47960,1
47961,1
47962,0
47963,1
47964,1
47965,0
47966,0
47967,0
47968,1
47969,0
47970,0
47971,1
47972,0
47973,1
47974,0
47975,1
47976,0
47977,0
47978,1
47979,1
47980,1
47981,0
47982,0
47983,0
47984,0
47985,1
47986,1
47987,1
47988,0
47989,1
47990,0
47991,1
47992,0
47993,1
47994,1
47995,1
47996,1
47997,0
47998,0
47999,0
48000,1
48001,1
48002,0
48003,1
48004,0
48005,0
48006,1
48007,1
48008,1
48009,1
48010,1
48011,0
48012,1
48013,0
48014,0
48015,1
48016,0
48017,0
48018,0
48019,0
48020,1
48021,0
48022,1
48023,0
48024,1
48025,1
48026,1
48027,1
48028,1
48029,1
48030,0
48031,1
48032,1
48033,1
48034,0
48035,0
48036,0
48037,1
48038,1
48039,0
48040,1
48041,0
48042,1
48043,0
48044,0
48045,1
48046,1
48047,0
48048,1
48049,1
48050,1
48051,1
48052,0
48053,1
48054,0
48055,1
48056,0
48057,1
48058,0
48059,0
48060,0
48061,1
48062,0
48063,0
48064,0
48065,0
48066,1
48067,1
48068,1
48069,1
48070,0
48071,0
48072,1
48073,1
48074,1
48075,1
48076,1
48077,1
48078,0
48079,1
48080,0
48081,1
48082,0
48083,0
48084,0
48085,1
48086,0
48087,1
48088,1
48089,1
48090,1
48091,1
48092,0
48093,1
48094,0
48095,1
48096,0
48097,1
48098,1
48099,1
48100,0
48101,0
48102,0
48103,0
48104,1
48105,1
48106,1
48107,1
48108,1
48109,1
48110,1
48111,1
48112,0
48113,1
48114,0
48115,1
48116,1
48117,0
48118,1
48119,0
48120,0
48121,0
48122,1
48123,0
48124,0
48125,0
48126,0
48127,0
48128,0
48129,1
48130,1
48131,0
48132,0
48133,0
48134,0
48135,1
48136,0
48137,1
48138,1
48139,0
48140,0
48141,0
48142,0
48143,1
48144,1
48145,0
48146,0
48147,1
48148,0
48149,1
48150,1
48151,0
48152,0
48153,1
48154,0
48155,0
48156,1
48157,0
48158,0
48159,1
48160,1
48161,1
48162,0
48163,1
48164,0
48165,0
48166,0
48167,0
48168,0
48169,1
48170,0
48171,1
48172,0
48173,1
48174,0
48175,0
48176,1
48177,1
48178,0
48179,0
48180,0
48181,1
48182,1
48183,0
48184,0
48185,1
48186,1
48187,1
48188,0
48189,0
48190,0
48191,0
48192,0
48193,0
48194,1
48195,1
48196,0
48197,1
48198,1
48199,1
48200,0
48201,0
48202,0
48203,1
48204,1
48205,0
48206,1
48207,0
48208,0
48209,0
48210,0
48211,0
48212,1
48213,1
48214,0
48215,0
48216,0
48217,1
48218,1
48219,1
48220,1
48221,1
48222,0
48223,0
48224,0
48225,0
48226,1
48227,0
48228,1
48229,0
48230,1
48231,1
48232,1
48233,0
48234,0
48235,1
48236,0
48237,1
48238,0
48239,1
48240,0
48241,0
48242,0
48243,0
48244,0
48245,0
48246,1
48247,1
48248,0
48249,1
48250,0
48251,1
48252,1
48253,0
48254,0
48255,1
48256,0
48257,1
48258,1
48259,1
48260,0
48261,1
48262,1
48263,0
48264,1
48265,1
48266,0
48267,1
48268,0
48269,1
48270,1
48271,1
48272,1
48273,1
48274,0
48275,0
48276,0
48277,1
48278,0
48279,1
48280,1
48281,1
48282,0
48283,0
48284,1
48285,0
48286,1
48287,0
48288,0
48289,0
48290,0
48291,1
48292,1
48293,1
48294,1
48295,1
48296,1
48297,0
48298,1
48299,0
48300,0
48301,0
48302,0
48303,0
48304,0
48305,0
48306,1
48307,1
48308,1
48309,0
48310,0
48311,0
48312,0
48313,0
48314,1
48315,1
48316,1
48317,1
48318,1
48319,1
48320,1
48321,1
48322,0
48323,0
48324,0
48325,1
48326,1
48327,1
48328,1
48329,1
48330,0
48331,1
48332,1
48333,1
48334,0
48335,0
48336,1
48337,1
48338,0
48339,1
48340,0
48341,0
48342,1
48343,0
48344,1
48345,0
48346,0
48347,0
48348,1
48349,0
48350,1
48351,1
48352,1
48353,1
48354,1
48355,0
48356,0
48357,1
48358,1
48359,0
48360,0
48361,0
48362,0
48363,0
48364,0
48365,1
48366,0
48367,0
48368,1
48369,1
48370,0
48371,1
48372,0
48373,1
48374,0
48375,1
48376,0
48377,1
48378,1
48379,0
48380,1
48381,1
48382,1
48383,1
48384,0
48385,1
48386,0
48387,1
48388,1
48389,1
48390,0
48391,0
48392,1
48393,1
48394,0
48395,1
48396,0
48397,1
48398,1
48399,0
48400,1
48401,0
48402,0
48403,0
48404,1
48405,0
48406,0
48407,1
48408,0
48409,1
48410,1
48411,1
48412,0
48413,1
48414,0
48415,0
48416,0
48417,0
48418,0
48419,1
48420,0
48421,0
48422,1
48423,0
48424,0
48425,1
48426,1
48427,1
48428,0
48429,0
48430,1
48431,1
48432,0
48433,1
48434,0
48435,1
48436,0
48437,1
48438,0
48439,1
48440,0
48441,0
48442,0
48443,1
48444,1
48445,1
48446,0
48447,0
48448,1
48449,0
48450,0
48451,0
48452,1
48453,1
48454,1
48455,1
48456,0
48457,0
48458,0
48459,0
48460,0
48461,0
48462,1
48463,0
48464,0
48465,0
48466,0
48467,0
48468,1
48469,0
48470,0
48471,0
48472,0
48473,0
48474,1
48475,1
48476,0
48477,0
48478,0
48479,0
48480,1
48481,0
48482,0
48483,0
48484,1
48485,1
48486,0
48487,1
48488,0
48489,1
48490,0
48491,0
48492,1
48493,1
48494,0
48495,1
48496,1
48497,1
48498,1
48499,0
48500,0
48501,0
48502,0
48503,1
48504,1
48505,0
48506,1
48507,1
48508,0
48509,0
48510,1
48511,1
48512,1
48513,0
48514,0
48515,0
48516,0
48517,0
48518,0
48519,1
48520,1
48521,1
48522,1
48523,0
48524,0
48525,0
48526,1
48527,1
48528,1
48529,0
48530,0
48531,1
48532,0
48533,1
48534,0
48535,0
48536,1
48537,1
48538,1
48539,1
48540,1
48541,1
48542,0
48543,1
48544,0
48545,1
48546,1
48547,0
48548,1
48549,1
48550,0
48551,0
48552,0
48553,1
48554,1
48555,1
48556,1
48557,0
48558,0
48559,0
48560,0
48561,1
48562,1
48563,0
48564,1
48565,1
48566,0
48567,1
48568,0
48569,1
48570,0
48571,1
48572,0
48573,0
48574,1
48575,1
48576,1
48577,1
48578,0
48579,0
48580,1
48581,1
48582,0
48583,1
48584,0
48585,1
48586,1
48587,1
48588,1
48589,0
48590,1
48591,1
48592,0
48593,0
48594,1
48595,1
48596,1
48597,1
48598,0
48599,0
48600,0
48601,0
48602,1
48603,0
48604,1
48605,1
48606,0
48607,0
48608,0
48609,1
48610,1
48611,1
48612,0
48613,0
48614,0
48615,0
48616,1
48617,0
48618,1
48619,0
48620,1
48621,1
48622,1
48623,1
48624,0
48625,1
48626,1
48627,1
48628,1
48629,0
48630,1
48631,0
48632,1
48633,0
48634,1
48635,0
48636,1
48637,0
48638,1
48639,1
48640,0
48641,0
48642,1
48643,0
48644,0
48645,0
48646,0
48647,1
48648,1
48649,1
48650,1
48651,1
48652,0
48653,1
48654,1
48655,0
48656,1
48657,0
48658,0
48659,1
48660,1
48661,0
48662,0
48663,0
48664,1
48665,0
48666,0
48667,0
48668,0
48669,1
48670,0
48671,1
48672,1
48673,1
48674,1
48675,1
48676,0
48677,1
48678,0
48679,1
48680,1
48681,1
48682,0
48683,1
48684,1
48685,0
48686,1
48687,1
48688,0
48689,1
48690,1
48691,0
48692,1
48693,1
48694,1
48695,1
48696,1
48697,0
48698,1
48699,0
48700,1
48701,0
48702,0
48703,1
48704,0
48705,0
48706,1
48707,1
48708,0
48709,1
48710,0
48711,0
48712,1
48713,1
48714,1
48715,1
48716,0
48717,0
48718,0
48719,0
48720,0
48721,1
48722,1
48723,1
48724,1
48725,1
48726,0
48727,1
48728,0
48729,0
48730,1
48731,1
48732,1
48733,0
48734,0
48735,0
48736,0
48737,1
48738,0
48739,0
48740,1
48741,0
48742,1
48743,0
48744,1
48745,0
48746,1
48747,0
48748,0
48749,0
48750,0
48751,1
48752,1
48753,0
48754,0
48755,1
48756,0
48757,1
48758,1
48759,0
48760,0
48761,0
48762,0
48763,0
48764,0
48765,1
48766,1
48767,0
48768,0
48769,0
48770,1
48771,0
48772,0
48773,1
48774,0
48775,1
48776,0
48777,1
48778,1
48779,0
48780,1
48781,0
48782,1
48783,1
48784,1
48785,1
48786,0
48787,1
48788,0
48789,1
48790,0
48791,0
48792,1
48793,1
48794,1
48795,1
48796,0
48797,1
48798,0
48799,1
48800,1
48801,1
48802,0
48803,1
48804,1
48805,1
48806,0
48807,0
48808,0
48809,1
48810,0
48811,1
48812,1
48813,1
48814,0
48815,0
48816,1
48817,1
48818,1
48819,0
48820,0
48821,1
48822,1
48823,1
48824,0
48825,1
48826,0
48827,1
48828,0
48829,0
48830,0
48831,1
48832,0
48833,1
48834,0
48835,1
48836,0
48837,0
48838,0
48839,0
48840,0
48841,0
48842,0
48843,1
48844,0
48845,1
48846,0
48847,1
48848,0
48849,1
48850,0
48851,0
48852,1
48853,1
48854,1
48855,1
48856,1
48857,1
48858,1
48859,0
48860,1
48861,1
48862,1
48863,0
48864,1
48865,0
48866,1
48867,1
48868,1
48869,0
48870,1
48871,0
48872,1
48873,1
48874,0
48875,1
48876,0
48877,1
48878,1
48879,0
48880,1
48881,0
48882,0
48883,1
48884,1
48885,0
48886,0
48887,0
48888,1
48889,1
48890,1
48891,1
48892,1
48893,0
48894,0
48895,1
48896,1
48897,1
48898,0
48899,1
48900,1
48901,1
48902,1
48903,1
48904,1
48905,1
48906,1
48907,1
48908,0
48909,1
48910,1
48911,0
48912,0
48913,0
48914,1
48915,1
48916,0
48917,0
48918,1
48919,0
48920,1
48921,0
48922,0
48923,0
48924,1
48925,0
48926,1
48927,1
48928,0
48929,1
48930,0
48931,0
48932,1
48933,0
48934,0
48935,1
48936,1
48937,0
48938,1
48939,0
48940,0
48941,1
48942,1
48943,0
48944,0
48945,0
48946,1
48947,0
48948,1
48949,1
48950,0
48951,1
48952,1
48953,0
48954,0
48955,0
48956,1
48957,1
48958,0
48959,1
48960,0
48961,0
48962,1
48963,1
48964,1
48965,1
48966,0
48967,1
48968,0
48969,0
48970,1
48971,0
48972,0
48973,0
48974,1
48975,1
48976,1
48977,0
48978,0
48979,0
48980,0
48981,1
48982,1
48983,0
48984,1
48985,1
48986,0
48987,0
48988,1
48989,1
48990,0
48991,1
48992,1
48993,0
48994,1
48995,0
48996,0
48997,1
48998,0
48999,1
49000,0
49001,1
49002,1
49003,0
49004,0
49005,1
49006,0
49007,0
49008,1
49009,1
49010,1
49011,1
49012,1
49013,1
49014,0
49015,0
49016,0
49017,1
49018,0
49019,1
49020,0
49021,1
49022,0
49023,1
49024,1
49025,0
49026,1
49027,1
49028,0
49029,1
49030,1
49031,0
49032,1
49033,1
49034,0
49035,1
49036,0
49037,1
49038,0
49039,1
49040,0
49041,0
49042,1
49043,1
49044,0
49045,1
49046,0
49047,1
49048,0
49049,0
49050,1
49051,1
49052,0
49053,0
49054,0
49055,0
49056,0
49057,0
49058,1
49059,0
49060,0
49061,1
49062,1
49063,1
49064,0
49065,1
49066,1
49067,1
49068,1
49069,0
49070,0
49071,0
49072,0
49073,0
49074,0
49075,1
49076,0
49077,0
49078,1
49079,0
49080,1
49081,0
49082,1
49083,1
49084,1
49085,1
49086,1
49087,0
49088,1
49089,0
49090,0
49091,1
49092,0
49093,0
49094,0
49095,1
49096,1
49097,0
49098,0
49099,1
49100,1
49101,0
49102,1
49103,0
49104,0
49105,1
49106,1
49107,1
49108,0
49109,1
49110,1
49111,0
49112,1
49113,0
49114,0
49115,1
49116,1
49117,1
49118,1
49119,0
49120,0
49121,1
49122,1
49123,1
49124,0
49125,0
49126,1
49127,1
49128,0
49129,1
49130,0
49131,0
49132,1
49133,0
49134,1
49135,0
49136,0
49137,1
49138,0
49139,0
49140,0
49141,0
49142,1
49143,1
49144,0
49145,0
49146,0
49147,0
49148,1
49149,0
49150,1
49151,1
49152,1
49153,0
49154,1
49155,1
49156,0
49157,1
49158,1
49159,1
49160,0
49161,0
49162,0
49163,1
49164,1
49165,1
49166,0
49167,0
49168,1
49169,0
49170,1
49171,0
49172,1
49173,0
49174,1
49175,0
49176,1
49177,1
49178,0
49179,0
49180,0
49181,1
49182,0
49183,1
49184,1
49185,0
49186,0
49187,0
49188,0
49189,1
49190,1
49191,0
49192,0
49193,0
49194,0
49195,0
49196,1
49197,1
49198,0
49199,1
49200,1
49201,0
49202,0
49203,0
49204,1
49205,0
49206,1
49207,1
49208,0
49209,0
49210,0
49211,0
49212,0
49213,1
49214,0
49215,1
49216,1
49217,1
49218,0
49219,0
49220,0
49221,1
49222,1
49223,1
49224,1
49225,0
49226,0
49227,0
49228,0
49229,1
49230,0
49231,1
49232,0
49233,1
49234,0
49235,1
49236,0
49237,1
49238,1
49239,0
49240,1
49241,1
49242,1
49243,0
49244,1
49245,1
49246,0
49247,1
49248,1
49249,1
49250,1
49251,0
49252,1
49253,0
49254,0
49255,0
49256,1
49257,0
49258,1
49259,1
49260,0
49261,1
49262,1
49263,0
49264,1
49265,0
49266,1
49267,0
49268,1
49269,0
49270,1
49271,0
49272,0
49273,0
49274,0
49275,1
49276,1
49277,0
49278,0
49279,1
49280,1
49281,0
49282,0
49283,1
49284,1
49285,0
49286,1
49287,0
49288,1
49289,1
49290,1
49291,1
49292,0
49293,0
49294,1
49295,1
49296,0
49297,1
49298,1
49299,0
49300,1
49301,1
49302,0
49303,1
49304,1
49305,0
49306,0
49307,1
49308,0
49309,1
49310,0
49311,0
49312,0
49313,0
49314,1
49315,1
49316,0
49317,1
49318,1
49319,1
49320,0
49321,1
49322,1
49323,1
49324,0
49325,0
49326,0
49327,1
49328,0
49329,0
49330,1
49331,1
49332,1
49333,0
49334,0
49335,0
49336,0
49337,0
49338,1
49339,1
49340,0
49341,0
49342,0
49343,0
49344,1
49345,1
49346,1
49347,0
49348,1
49349,1
49350,1
49351,1
49352,1
49353,0
49354,0
49355,0
49356,0
49357,0
49358,0
49359,0
49360,0
49361,0
49362,1
49363,0
49364,1
49365,0
49366,1
49367,0
49368,0
49369,0
49370,0
49371,0
49372,0
49373,1
49374,0
49375,1
49376,1
49377,0
49378,1
49379,1
49380,0
49381,1
49382,0
49383,0
49384,0
49385,1
49386,1
49387,0
49388,0
49389,0
49390,1
49391,1
49392,1
49393,0
49394,1
49395,1
49396,1
49397,1
49398,1
49399,1
49400,1
49401,1
49402,1
49403,1
49404,1
49405,0
49406,0
49407,1
49408,1
49409,0
49410,0
49411,0
49412,1
49413,1
49414,0
49415,0
49416,1
49417,0
49418,1
49419,0
49420,1
49421,0
49422,1
49423,1
49424,1
49425,0
49426,1
49427,0
49428,1
49429,1
49430,1
49431,0
49432,1
49433,1
49434,1
49435,1
49436,0
49437,1
49438,1
49439,1
49440,0
49441,1
49442,1
49443,0
49444,1
49445,1
49446,0
49447,1
49448,0
49449,0
49450,0
49451,0
49452,0
49453,1
49454,0
49455,1
49456,0
49457,1
49458,1
49459,1
49460,0
49461,0
49462,1
49463,0
49464,0
49465,0
49466,1
49467,1
49468,1
49469,1
49470,1
49471,0
49472,1
49473,0
49474,1
49475,1
49476,1
49477,0
49478,1
49479,0
49480,1
49481,1
49482,0
49483,0
49484,0
49485,1
49486,1
49487,0
49488,0
49489,0
49490,1
49491,1
49492,1
49493,0
49494,0
49495,0
49496,1
49497,0
49498,0
49499,1
49500,1
49501,1
49502,1
49503,1
49504,1
49505,0
49506,0
49507,1
49508,1
49509,0
49510,0
49511,0
49512,0
49513,1
49514,1
49515,0
49516,1
49517,0
49518,1
49519,0
49520,0
49521,1
49522,1
49523,0
49524,0
49525,1
49526,1
49527,1
49528,0
49529,0
49530,1
49531,1
49532,1
49533,1
49534,1
49535,0
49536,0
49537,1
49538,0
49539,0
49540,1
49541,1
49542,1
49543,1
49544,1
49545,1
49546,0
49547,0
49548,0
49549,1
49550,1
49551,1
49552,1
49553,1
49554,1
49555,0
49556,1
49557,0
49558,0
49559,1
49560,1
49561,1
49562,1
49563,1
49564,0
49565,1
49566,1
49567,0
49568,0
49569,0
49570,1
49571,1
49572,0
49573,1
49574,0
49575,1
49576,0
49577,0
49578,0
49579,0
49580,1
49581,1
49582,0
49583,1
49584,1
49585,1
49586,0
49587,0
49588,0
49589,1
49590,0
49591,0
49592,0
49593,0
49594,0
49595,0
49596,1
49597,0
49598,1
49599,1
49600,0
49601,1
49602,0
49603,1
49604,0
49605,0
49606,0
49607,1
49608,0
49609,1
49610,1
49611,1
49612,1
49613,0
49614,0
49615,0
49616,1
49617,1
49618,0
49619,0
49620,1
49621,1
49622,0
49623,1
49624,0
49625,1
49626,1
49627,0
49628,1
49629,0
49630,1
49631,0
49632,0
49633,0
49634,1
49635,1
49636,1
49637,0
49638,0
49639,1
49640,0
49641,0
49642,1
49643,1
49644,1
49645,0
49646,1
49647,0
49648,1
49649,1
49650,1
49651,0
49652,0
49653,1
49654,0
49655,0
49656,1
49657,0
49658,1
49659,0
49660,1
49661,1
49662,1
49663,1
49664,0
49665,1
49666,1
49667,0
49668,0
49669,0
49670,0
49671,1
49672,1
49673,0
49674,1
49675,1
49676,0
49677,1
49678,0
49679,1
49680,0
49681,1
49682,1
49683,1
49684,1
49685,0
49686,0
49687,0
49688,0
49689,0
49690,1
49691,1
49692,0
49693,0
49694,1
49695,0
49696,1
49697,1
49698,1
49699,1
49700,1
49701,1
49702,1
49703,0
49704,0
49705,1
49706,0
49707,1
49708,1
49709,0
49710,0
49711,1
49712,0
49713,1
49714,0
49715,1
49716,0
49717,1
49718,0
49719,1
49720,1
49721,1
49722,1
49723,1
49724,1
49725,1
49726,1
49727,1
49728,0
49729,0
49730,0
49731,1
49732,0
49733,1
49734,1
49735,1
49736,0
49737,0
49738,0
49739,1
49740,1
49741,0
49742,1
49743,1
49744,0
49745,1
49746,0
49747,1
49748,0
49749,0
49750,0
49751,0
49752,0
49753,1
49754,0
49755,0
49756,0
49757,1
49758,0
49759,1
49760,0
49761,1
49762,0
49763,1
49764,1
49765,0
49766,1
49767,1
49768,1
49769,0
49770,0
49771,1
49772,0
49773,0
49774,1
49775,1
49776,0
49777,0
49778,1
49779,1
49780,1
49781,0
49782,0
49783,0
49784,0
49785,1
49786,1
49787,1
49788,1
49789,1
49790,0
49791,0
49792,1
49793,0
49794,1
49795,0
49796,0
49797,0
49798,0
49799,0
49800,1
49801,0
49802,0
49803,0
49804,0
49805,1
49806,0
49807,0
49808,0
49809,1
49810,1
49811,1
49812,1
49813,0
49814,1
49815,0
49816,0
49817,1
49818,0
49819,1
49820,0
49821,0
49822,1
49823,0
49824,1
49825,0
49826,1
49827,0
49828,1
49829,0
49830,0
49831,1
49832,1
49833,1
49834,0
49835,0
49836,1
49837,0
49838,1
49839,0
49840,1
49841,1
49842,0
49843,1
49844,0
49845,1
49846,0
49847,0
49848,1
49849,1
49850,1
49851,1
49852,1
49853,1
49854,1
49855,0
49856,0
49857,1
49858,0
49859,1
49860,1
49861,0
49862,0
49863,1
49864,1
49865,0
49866,1
49867,0
49868,0
49869,0
49870,1
49871,0
49872,1
49873,0
49874,1
49875,1
49876,1
49877,1
49878,1
49879,0
49880,1
49881,1
49882,0
49883,1
49884,1
49885,0
49886,0
49887,0
49888,1
49889,0
49890,0
49891,1
49892,1
49893,1
49894,0
49895,1
49896,1
49897,1
49898,0
49899,0
49900,1
49901,0
49902,1
49903,0
49904,0
49905,0
49906,0
49907,0
49908,1
49909,0
49910,1
49911,1
49912,0
49913,1
49914,1
49915,0
49916,1
49917,0
49918,1
49919,1
49920,1
49921,1
49922,0
49923,0
49924,1
49925,0
49926,1
49927,0
49928,0
49929,0
49930,0
49931,0
49932,1
49933,0
49934,1
49935,1
49936,0
49937,0
49938,0
49939,1
49940,0
49941,1
49942,1
49943,0
49944,1
49945,0
49946,0
49947,1
49948,0
49949,1
49950,1
49951,0
49952,0
49953,1
49954,1
49955,0
49956,0
49957,0
49958,1
49959,0
49960,1
49961,1
49962,1
49963,0
49964,1
49965,0
49966,0
49967,1
49968,1
49969,1
49970,0
49971,1
49972,0
49973,1
49974,0
49975,1
49976,0
49977,1
49978,0
49979,0
49980,1
49981,1
49982,0
49983,1
49984,1
49985,1
49986,1
49987,1
49988,1
49989,0
49990,1
49991,1
49992,1
49993,0
49994,1
49995,0
49996,0
49997,1
49998,0
49999,0
